{
  "creds": {
    "noiseKey": {
      "private": {
        "type": "Buffer",
        "data": "6HR+aMzfKoabM0/qvxt/4U6y0q8rL2YLnDxlMx+XEFQ="
      },
      "public": {
        "type": "Buffer",
        "data": "YTn47zutPfUn66stPsXOlL5q/jWlMpwGypQBnHKxrWA="
      }
    },
    "signedIdentityKey": {
      "private": {
        "type": "Buffer",
        "data": "mHrjTjfq5xjnX/QaNiNBwEb8lxC2rAVp+GxDn1WiHUw="
      },
      "public": {
        "type": "Buffer",
        "data": "+GSUCgBT+Ffn4Mjk9343LMAsWrL/BqzUePaQbS+5gXU="
      }
    },
    "signedPreKey": {
      "keyPair": {
        "private": {
          "type": "Buffer",
          "data": "aBgTww1KR5mdixjEX0ihofl7ggGJEHr99UaAC6YvbH4="
        },
        "public": {
          "type": "Buffer",
          "data": "8wlYyXIa5cWcLNNX4bgrscyA0ttp4aQCqLuV3YoojjA="
        }
      },
      "signature": {
        "type": "Buffer",
        "data": "QnHuDan78Zdh4ZhjAhNviuwto0Vs731TRWwauLPTkJjIxwrabOj2SyKdN+leYPU7QYKTzIGRhf1vMaCwV9t3gw=="
      },
      "keyId": 1
    },
    "registrationId": 17,
    "advSecretKey": "GEsPrQZw2wHlpAeLdBOVNtipUFLpDKimv+gyVRRwpSs=",
    "processedHistoryMessages": [],
    "nextPreKeyId": 31,
    "firstUnuploadedPreKeyId": 31,
    "accountSyncCounter": 0,
    "accountSettings": {
      "unarchiveChats": false
    },
    "account": {
      "details": "CJm0l7MBENff2aYGGAE=",
      "accountSignatureKey": "Vs93V6p416iA0Wl05GlSIYn8+QIjpkQS/bb+hvmmNj8=",
      "accountSignature": "UILc1Aoe74YVFIZOGdZX+Zakn0ec9bsGZiuGWUJX3miwHXne52hNpbxQZab6yC0YBEeKmteDFyTY1S6umLvrBA==",
      "deviceSignature": "vgeByzqane/uW842G3QYgZHaP7Q1XNEX25FqCxXOPzLdbEsxGIFK7LecTcvLDak3qpJyHSfr2EHU7Cx+W4v8iA=="
    },
    "me": {
      "id": "62882258479187:1@s.whatsapp.net"
    },
    "signalIdentities": [
      {
        "identifier": {
          "name": "62882258479187:1@s.whatsapp.net",
          "deviceId": 0
        },
        "identifierKey": {
          "type": "Buffer",
          "data": "BVbPd1eqeNeogNFpdORpUiGJ/PkCI6ZEEv22/ob5pjY/"
        }
      }
    ],
    "platform": "android",
    "lastAccountSyncTimestamp": 1691774938
  },
  "keys": {
    "preKeys": {
      "1": {
        "private": {
          "type": "Buffer",
          "data": "CIUr7oDM4h51LBFe7vRCW+irTQnegAly8SilrzG/4FI="
        },
        "public": {
          "type": "Buffer",
          "data": "B2EoafP1NbKBMzpJCjdylBHyShRSdA1KvWScVglo4lc="
        }
      },
      "2": {
        "private": {
          "type": "Buffer",
          "data": "CBV/4a7v0TkxHEQVnDNvO6+7/j+B+qiTWh6BTseAblI="
        },
        "public": {
          "type": "Buffer",
          "data": "7yE6oCAdgBckh7n5OAqGDr9L1s4gVEGzLao0CFBrXHE="
        }
      },
      "3": {
        "private": {
          "type": "Buffer",
          "data": "cIoMZEvwuiuEHgAsdftsJKUQBE3luWe60hPhTmrKkU4="
        },
        "public": {
          "type": "Buffer",
          "data": "A3wRqX6mQW9KPwI4tub2Lvg26HmYZJGxx2s9PI1YC2E="
        }
      },
      "4": {
        "private": {
          "type": "Buffer",
          "data": "oKVqoWkUJ7sAAcdbb507fzzM2p/rzNoc/241f6qgF0o="
        },
        "public": {
          "type": "Buffer",
          "data": "0Z3UCWAAOozcPn76Hg3lwKMYN/7hVoRmxBH9EqE3tmE="
        }
      },
      "5": {
        "private": {
          "type": "Buffer",
          "data": "OGiwSbSAyMpLkfJUCf0qAWt/Y+s/64MXn0HnkWyOzl8="
        },
        "public": {
          "type": "Buffer",
          "data": "UUsQZrrp+4MrFNR36Dhh4d/oSy259zoKRONKQJBfkwE="
        }
      },
      "6": {
        "private": {
          "type": "Buffer",
          "data": "kNhVscuKgCN0e4tVYlbuISKKXf0KHjtYOoxcc0DtqlE="
        },
        "public": {
          "type": "Buffer",
          "data": "htfVd4btsgVENTpB9KAj5X3HrypVmFdyI/TwzMmb3Fo="
        }
      },
      "7": {
        "private": {
          "type": "Buffer",
          "data": "oO5xL8teWDPDdjfpo6GVnfBYp6DfBy3RqSHTs/QlinQ="
        },
        "public": {
          "type": "Buffer",
          "data": "pXe01paEprZA/9QCGBuKqHfz0TZdsaVVADrlQB5PjW4="
        }
      },
      "8": {
        "private": {
          "type": "Buffer",
          "data": "eHcCfqVfV/XAM2+H+V2CurkV9Aif67zXvm3lumL+CH8="
        },
        "public": {
          "type": "Buffer",
          "data": "wA/u3+P0MHAGTBywByN3NZj3qNNIuE/GhNGbHGijfUg="
        }
      },
      "9": {
        "private": {
          "type": "Buffer",
          "data": "EGWj96Zm5IqkeiY4gXio9N26hN6sS22plgJN55kEkks="
        },
        "public": {
          "type": "Buffer",
          "data": "o5SNFVoMgxDAJ9BpzrXpiqaQtTqdmGTdEMnMsHnK2hs="
        }
      },
      "10": {
        "private": {
          "type": "Buffer",
          "data": "ME4moRsFPPAmNih4cRrL12gAdSHeaJRB2A24kORpt3s="
        },
        "public": {
          "type": "Buffer",
          "data": "b2BHInkWRaNzeJYDY9tHZysy9NBkTXh41EntLz5//To="
        }
      },
      "11": {
        "private": {
          "type": "Buffer",
          "data": "EFr8fO6cugVJx20aT79oiq3V4g0ua/ZbQsU69Ohpvmc="
        },
        "public": {
          "type": "Buffer",
          "data": "lbfSOQGUmoGdYxZ5XtkdvK7+qubdYtno+Dz0zEOt8Xc="
        }
      },
      "12": {
        "private": {
          "type": "Buffer",
          "data": "mNRcseybFev3FyCUlbmFKThCGs8ZI2gvol2CBMlU7l8="
        },
        "public": {
          "type": "Buffer",
          "data": "KuJCe4cL3FHp5XTGw2+fndh6S5MH2nmek3TbLYte+ls="
        }
      },
      "13": {
        "private": {
          "type": "Buffer",
          "data": "oIOPszorbgqtPpQ9hy+JRiuifOHqxK4RN7Gg8SchIGM="
        },
        "public": {
          "type": "Buffer",
          "data": "9Wt9Gxeqk99jbIicEAz5CDqk/Lehnv6UmsjywGuMdkI="
        }
      },
      "14": {
        "private": {
          "type": "Buffer",
          "data": "qDm6d7xjANkMiaSjXPMROKYfBNlmIcKpEvL3eBnArEo="
        },
        "public": {
          "type": "Buffer",
          "data": "Mn3I+rawzL13aXgTc431rQZ+B/aKmpiHZz1ko+un0DI="
        }
      },
      "15": {
        "private": {
          "type": "Buffer",
          "data": "4AMkaYLdwzo4loZh1cWZA/geyZxGaptUNADF5SixuG8="
        },
        "public": {
          "type": "Buffer",
          "data": "CrCTuIV9w9kKCZnjXmsTD83+PlIXQSoOGopABTOkjzA="
        }
      },
      "16": {
        "private": {
          "type": "Buffer",
          "data": "gG5rOFOdb+z57oop4W21UfeWHtK0aC+NMFVfkhWWZ3s="
        },
        "public": {
          "type": "Buffer",
          "data": "WQopMQdcaJlLkN4daGnS8CVcUAvmKT1vaGLBA5kUD24="
        }
      },
      "17": {
        "private": {
          "type": "Buffer",
          "data": "iEIJ/gcfxpgr98O23KzQbDqTlUJkgBv0EfzCgkEjRGk="
        },
        "public": {
          "type": "Buffer",
          "data": "gA9s36wciXfI9immPuWGF4bFcm97p0nrgxzwlC/sqWg="
        }
      },
      "18": {
        "private": {
          "type": "Buffer",
          "data": "sLH8tlzd63heW/H0xEPgvYa4JFIG7X6Ip4V7sT8Lxm4="
        },
        "public": {
          "type": "Buffer",
          "data": "eKxphbxXz6behq6OZsP993qMx2WyCPkdEX0zmEw261o="
        }
      },
      "19": {
        "private": {
          "type": "Buffer",
          "data": "wL475HUEh47mhw+zht/VHSlRZwWCnGrqGwFZIYvvf38="
        },
        "public": {
          "type": "Buffer",
          "data": "z8SHkbfGocKM4Qc/BAQl6AQaMeKbQLLBExxfckMZw1Y="
        }
      },
      "20": {
        "private": {
          "type": "Buffer",
          "data": "KAzDxvBkYvQv6j8renHOyPiW1NdJ2MTmtyajugorsH0="
        },
        "public": {
          "type": "Buffer",
          "data": "n6RniG6chLbkaS3ZuHLDPJnnMqwt9tGSLoweeal5ezE="
        }
      },
      "21": {
        "private": {
          "type": "Buffer",
          "data": "yIiaLQrFsAPPJEqWursTLktLnrGrCMAjcw6ZimXtaEM="
        },
        "public": {
          "type": "Buffer",
          "data": "YtuBUuaaibRQWe0qdZ/Fvt3Ni2TVn2XlE0bx4bvX9yk="
        }
      },
      "22": {
        "private": {
          "type": "Buffer",
          "data": "OPCUgNnKX/N+rSYiUx+/BkUN8jxtpQHkzyp4DIvea0c="
        },
        "public": {
          "type": "Buffer",
          "data": "aPSJWQapTTXdNUAy0jnbEQ4xYL4VTqnPmfa6VNKhozg="
        }
      },
      "23": {
        "private": {
          "type": "Buffer",
          "data": "kBexEq0S0oBljDitHGwTMwsZcahGhzk49Ousno83Skc="
        },
        "public": {
          "type": "Buffer",
          "data": "cu7MBLY7Y9wRYzjeTknTwIMtWgvdoOM/vfK8f+cw7GQ="
        }
      },
      "24": {
        "private": {
          "type": "Buffer",
          "data": "4EIX4PJImz2kocpB5XCILBMfNClKMjopecbTbm0WZV4="
        },
        "public": {
          "type": "Buffer",
          "data": "9RfFrdT3mg+yErO+3h99ZAG6KCVhyj0eNzEQ62TTPzQ="
        }
      },
      "25": {
        "private": {
          "type": "Buffer",
          "data": "8GoGUZ2gAHLtJG69cdEiCWwZAVnGfNC7vOTiLp7AW2c="
        },
        "public": {
          "type": "Buffer",
          "data": "UEHl9wgFCVBO5aTcKB/dF/TLAynITOI9w/xKeEcNkDY="
        }
      },
      "26": {
        "private": {
          "type": "Buffer",
          "data": "6OoNmvVXHrvvMmqNkR0DZYkpGE2aWS4g/63u0nx5wU0="
        },
        "public": {
          "type": "Buffer",
          "data": "BgXVQbpqLmBJl52OnVx33Y3x8/F7Y9nUTxFBKShj1gc="
        }
      },
      "27": {
        "private": {
          "type": "Buffer",
          "data": "MDwfV+YnFi46q06DGZJ1GZrZZnaEYaXZ9NIcVsbq5V0="
        },
        "public": {
          "type": "Buffer",
          "data": "lDUKg0mGHqq8jdOQ9HR+hhV4dxVCkGW4y0C2kzHP+TI="
        }
      },
      "28": {
        "private": {
          "type": "Buffer",
          "data": "kC2GlTCCJ6jUN1tGxBdCjkel72AET6rczC4eyti2Hlo="
        },
        "public": {
          "type": "Buffer",
          "data": "E/fav6xceEKEoZYFXJlzhnogUzNDS+O+quM0PnWjgSQ="
        }
      },
      "29": {
        "private": {
          "type": "Buffer",
          "data": "SCcXZxi92ab74AUCUeQRxaG67BEDZqbjlMZTW32YW04="
        },
        "public": {
          "type": "Buffer",
          "data": "6WyzB89+/ySqiLUxwEwiPjUIoanvza03WvAX9UPxbyY="
        }
      },
      "30": {
        "private": {
          "type": "Buffer",
          "data": "oKeVSIUm8dylh8Coh8wPI5qEKY8mxRq2JI+cg08vjXI="
        },
        "public": {
          "type": "Buffer",
          "data": "8z7718p4GLElGKyNKK43OXXC7J/XMPP9+dWClQDcfSo="
        }
      }
    }
  }
}